{
    "total_concepts":{
        "cats":500,
        "dogs":500
    },
    "mean":[
        0.4897566102541287,
        0.45689264211166875,
        0.41783408538138295
    ],
    "std":[
        0.052116049600835254,
        0.051114311020747503,
        0.053383789596044694
    ]
}